team,scorer,assist1,assist2
VAN,B.RITCHIE,R.RYPIEN,
VAN,A.BURROWS,K.BIEKSA,R.KESLER
VAN,W.MITCHELL,T.LINDEN,D.SEDIN
VAN,R.KESLER,H.SEDIN,M.NASLUND
VAN,S.SALO,H.SEDIN,K.BIEKSA
VAN,M.NASLUND,D.SEDIN,K.BIEKSA
VAN,T.LINDEN,B.RITCHIE,
VAN,T.LINDEN,M.WEAVER,H.SEDIN
VAN,M.PETTINGER,R.SHANNON,T.PYATT
VAN,B.ISBISTER,R.KESLER,K.BIEKSA
VAN,D.SEDIN,H.SEDIN,K.BIEKSA
VAN,T.PYATT,H.SEDIN,M.NASLUND
VAN,S.SALO,A.BURROWS,D.SEDIN
VAN,M.NASLUND,A.EDLER,B.MORRISON
VAN,D.SEDIN,H.SEDIN,W.MITCHELL
VAN,S.SALO,D.SEDIN,H.SEDIN
VAN,D.SEDIN,,
VAN,M.PETTINGER,,
VAN,T.PYATT,R.SHANNON,H.SEDIN
VAN,T.LINDEN,S.SALO,
VAN,H.SEDIN,D.SEDIN,S.SALO
VAN,T.PYATT,K.BIEKSA,S.SALO
VAN,H.SEDIN,D.SEDIN,K.BIEKSA
VAN,M.PETTINGER,M.NASLUND,B.MORRISON
VAN,R.KESLER,B.MORRISON,A.EDLER
VAN,M.NASLUND,M.PETTINGER,
VAN,B.MORRISON,M.NASLUND,M.PETTINGER
VAN,M.RAYMOND,B.MORRISON,
VAN,R.KESLER,A.BURROWS,M.OHLUND
VAN,R.KESLER,W.MITCHELL,A.BURROWS
VAN,M.OHLUND,M.NASLUND,T.PYATT
VAN,A.BURROWS,T.PYATT,R.KESLER
VAN,B.ISBISTER,A.BURROWS,R.KESLER
VAN,H.SEDIN,,
VAN,A.BURROWS,,
VAN,A.EDLER,S.SALO,D.SEDIN
VAN,M.PETTINGER,S.SALO,A.BURROWS
VAN,K.BIEKSA,D.SEDIN,H.SEDIN
VAN,M.RAYMOND,,
VAN,R.SHANNON,S.SALO,D.SEDIN
VAN,R.SHANNON,S.SALO,H.SEDIN
VAN,R.KESLER,A.BURROWS,
VAN,R.SHANNON,T.LINDEN,T.PYATT
VAN,S.SALO,M.OHLUND,
VAN,M.RAYMOND,R.SHANNON,A.EDLER
VAN,A.BURROWS,T.PYATT,W.MITCHELL
VAN,A.EDLER,M.OHLUND,D.SEDIN
VAN,S.SALO,H.SEDIN,D.SEDIN
VAN,R.KESLER,,
VAN,R.KESLER,W.MITCHELL,
VAN,M.RAYMOND,R.SHANNON,M.COOKE
VAN,A.EDLER,M.RAYMOND,R.SHANNON
VAN,M.COOKE,M.RAYMOND,R.SHANNON
VAN,M.NASLUND,D.SEDIN,H.SEDIN
VAN,D.SEDIN,H.SEDIN,M.OHLUND
VAN,M.NASLUND,D.SEDIN,H.SEDIN
VAN,S.SALO,M.OHLUND,R.SHANNON
VAN,D.SEDIN,H.SEDIN,M.NASLUND
VAN,A.BURROWS,H.SEDIN,R.KESLER
VAN,B.ISBISTER,A.BURROWS,
VAN,R.KESLER,R.SHANNON,A.EDLER
VAN,A.EDLER,M.COOKE,
VAN,A.EDLER,H.SEDIN,
VAN,A.BURROWS,H.SEDIN,
VAN,M.NASLUND,M.OHLUND,S.SALO
VAN,H.SEDIN,S.SALO,D.SEDIN
VAN,S.SALO,M.RAYMOND,D.SEDIN
VAN,D.SEDIN,M.OHLUND,S.SALO
VAN,A.BURROWS,T.PYATT,R.KESLER
VAN,M.NASLUND,M.RAYMOND,S.SALO
VAN,M.NASLUND,B.RITCHIE,
VAN,D.SEDIN,H.SEDIN,M.NASLUND
VAN,H.SEDIN,M.NASLUND,D.SEDIN
VAN,M.RAYMOND,M.COOKE,J.JAFFRAY
VAN,L.BOURDON,A.BURROWS,T.PYATT
VAN,T.PYATT,R.KESLER,A.BURROWS
VAN,A.EDLER,M.RAYMOND,D.SEDIN
VAN,H.SEDIN,D.SEDIN,A.MILLER
VAN,R.KESLER,M.COOKE,
VAN,M.NASLUND,D.SEDIN,M.OHLUND
VAN,M.OHLUND,H.SEDIN,D.SEDIN
VAN,M.OHLUND,H.SEDIN,S.SALO
VAN,A.BURROWS,,
VAN,T.PYATT,H.SEDIN,D.SEDIN
VAN,B.ISBISTER,K.BEECH,A.MILLER
VAN,T.LINDEN,D.SEDIN,M.NASLUND
VAN,M.RAYMOND,,
VAN,H.SEDIN,S.SALO,W.MITCHELL
VAN,M.NASLUND,H.SEDIN,
VAN,K.BEECH,B.RITCHIE,A.MILLER
VAN,D.SEDIN,H.SEDIN,S.SALO
VAN,D.SEDIN,T.PYATT,S.SALO
VAN,H.SEDIN,D.SEDIN,T.PYATT
VAN,M.NASLUND,D.SEDIN,H.SEDIN
VAN,T.PYATT,A.EDLER,B.RITCHIE
VAN,R.KESLER,A.BURROWS,
VAN,T.PYATT,H.SEDIN,D.SEDIN
VAN,R.KESLER,A.BURROWS,M.COOKE
VAN,M.NASLUND,J.JAFFRAY,T.PYATT
VAN,D.SEDIN,M.RAYMOND,H.SEDIN
VAN,R.KESLER,B.RITCHIE,A.BURROWS
VAN,D.SEDIN,H.SEDIN,M.RAYMOND
VAN,J.JAFFRAY,W.MITCHELL,L.KRAJICEK
VAN,D.SEDIN,H.SEDIN,A.MILLER
VAN,D.SEDIN,H.SEDIN,M.NASLUND
VAN,M.COOKE,H.SEDIN,
VAN,M.RAYMOND,T.PYATT,A.MILLER
VAN,D.SEDIN,H.SEDIN,
VAN,S.SALO,A.EDLER,M.NASLUND
VAN,H.SEDIN,D.SEDIN,M.NASLUND
VAN,T.PYATT,M.RAYMOND,J.JAFFRAY
VAN,T.PYATT,B.RITCHIE,M.RAYMOND
VAN,D.SEDIN,H.SEDIN,M.NASLUND
VAN,M.RAYMOND,M.OHLUND,R.LUONGO
VAN,D.SEDIN,M.NASLUND,H.SEDIN
VAN,D.SEDIN,M.OHLUND,S.SALO
VAN,A.MILLER,H.SEDIN,
VAN,R.KESLER,,
VAN,T.LINDEN,B.RITCHIE,L.KRAJICEK
VAN,M.NASLUND,D.SEDIN,H.SEDIN
VAN,M.NASLUND,D.SEDIN,H.SEDIN
VAN,M.OHLUND,H.SEDIN,D.SEDIN
VAN,H.SEDIN,L.KRAJICEK,M.RAYMOND
VAN,T.LINDEN,A.BURROWS,A.EDLER
VAN,M.RAYMOND,J.JAFFRAY,A.MILLER
VAN,D.SEDIN,,
VAN,J.JAFFRAY,T.PYATT,M.RAYMOND
VAN,T.PYATT,B.MORRISON,M.NASLUND
VAN,A.EDLER,T.PYATT,B.MORRISON
VAN,R.KESLER,A.BURROWS,W.MITCHELL
VAN,A.BURROWS,L.KRAJICEK,M.COOKE
VAN,T.PYATT,B.MORRISON,R.KESLER
VAN,D.SEDIN,H.SEDIN,M.NASLUND
VAN,D.SEDIN,M.NASLUND,H.SEDIN
VAN,T.LINDEN,,
VAN,M.OHLUND,M.NASLUND,D.SEDIN
VAN,B.RITCHIE,T.PYATT,B.MORRISON
VAN,B.MORRISON,T.PYATT,M.COOKE
VAN,M.BROWN,L.KRAJICEK,T.PYATT
VAN,M.OHLUND,M.NASLUND,H.SEDIN
VAN,L.KRAJICEK,D.SEDIN,H.SEDIN
VAN,M.NASLUND,D.SEDIN,H.SEDIN
VAN,R.KESLER,M.NASLUND,H.SEDIN
VAN,M.COOKE,A.EDLER,M.OHLUND
VAN,R.KESLER,M.COOKE,M.OHLUND
VAN,B.MORRISON,S.SALO,M.NASLUND
VAN,D.SEDIN,,
VAN,R.KESLER,T.PYATT,B.ISBISTER
VAN,M.NASLUND,A.EDLER,B.MORRISON
VAN,R.KESLER,A.MILLER,C.SANFORD
VAN,M.NASLUND,D.SEDIN,H.SEDIN
VAN,M.NASLUND,H.SEDIN,D.SEDIN
VAN,A.BURROWS,,
VAN,B.ISBISTER,R.KESLER,W.MITCHELL
VAN,A.EDLER,M.NASLUND,H.SEDIN
VAN,M.NASLUND,B.MORRISON,A.EDLER
VAN,H.SEDIN,,
VAN,W.MITCHELL,M.NASLUND,D.SEDIN
VAN,M.NASLUND,H.SEDIN,D.SEDIN
VAN,B.ISBISTER,R.KESLER,T.PYATT
VAN,T.PYATT,B.ISBISTER,A.EDLER
VAN,M.NASLUND,H.SEDIN,B.MORRISON
VAN,M.OHLUND,A.BURROWS,B.MORRISON
VAN,D.SEDIN,H.SEDIN,M.OHLUND
VAN,T.LINDEN,,
VAN,L.BOURDON,B.RITCHIE,
VAN,H.SEDIN,T.PYATT,B.ISBISTER
VAN,H.SEDIN,D.SEDIN,A.EDLER
VAN,B.MORRISON,D.SEDIN,H.SEDIN
VAN,B.RITCHIE,W.MITCHELL,A.MILLER
VAN,A.BURROWS,T.LINDEN,
VAN,D.SEDIN,H.SEDIN,M.NASLUND
VAN,B.MORRISON,D.SEDIN,H.SEDIN
VAN,R.KESLER,M.NASLUND,T.PYATT
VAN,D.SEDIN,H.SEDIN,M.OHLUND
VAN,M.COOKE,T.LINDEN,B.MORRISON
VAN,M.NASLUND,T.PYATT,R.KESLER
VAN,D.SEDIN,,
VAN,T.PYATT,R.KESLER,
VAN,T.PYATT,B.MORRISON,M.NASLUND
VAN,M.COOKE,A.EDLER,A.BURROWS
VAN,D.SEDIN,H.SEDIN,L.KRAJICEK
VAN,B.MORRISON,B.ISBISTER,
VAN,R.KESLER,A.BURROWS,M.COOKE
VAN,K.BIEKSA,L.KRAJICEK,D.SEDIN
VAN,M.NASLUND,W.MITCHELL,
VAN,R.KESLER,,
VAN,M.COOKE,A.BURROWS,R.KESLER
VAN,M.OHLUND,L.KRAJICEK,R.KESLER
VAN,T.PYATT,B.ISBISTER,M.NASLUND
VAN,H.SEDIN,D.SEDIN,R.KESLER
VAN,B.MORRISON,M.NASLUND,
VAN,D.SEDIN,H.SEDIN,
VAN,D.SEDIN,H.SEDIN,K.BIEKSA
VAN,T.PYATT,H.SEDIN,M.NASLUND
VAN,H.SEDIN,D.SEDIN,K.BIEKSA
VAN,R.RYPIEN,J.COWAN,A.BURROWS
VAN,A.BURROWS,R.RYPIEN,
VAN,B.MORRISON,K.BIEKSA,R.LUONGO
VAN,M.NASLUND,B.MORRISON,
VAN,R.SHANNON,D.SEDIN,H.SEDIN
VAN,L.KRAJICEK,D.SEDIN,H.SEDIN
VAN,M.OHLUND,R.KESLER,B.MORRISON
VAN,M.NASLUND,L.KRAJICEK,R.LUONGO
VAN,R.SHANNON,D.SEDIN,H.SEDIN
VAN,D.SEDIN,M.OHLUND,M.NASLUND
VAN,B.MORRISON,M.RAYMOND,
VAN,H.SEDIN,D.SEDIN,W.MITCHELL
VAN,R.KESLER,M.SUNDIN,A.EDLER
VAN,R.RYPIEN,R.JOHNSON,A.EDLER
VAN,M.OHLUND,R.KESLER,
VAN,M.OHLUND,M.SUNDIN,A.EDLER
VAN,H.SEDIN,D.SEDIN,A.BURROWS
VAN,P.DEMITRA,,
VAN,M.RAYMOND,M.SUNDIN,M.OHLUND
VAN,A.BURROWS,H.SEDIN,S.SALO
VAN,K.WELLWOOD,R.KESLER,P.DEMITRA
VAN,H.SEDIN,A.BURROWS,D.SEDIN
VAN,K.WELLWOOD,S.BERNIER,T.PYATT
VAN,A.BURROWS,D.SEDIN,H.SEDIN
VAN,D.SEDIN,K.BIEKSA,S.SALO
VAN,R.KESLER,P.DEMITRA,H.SEDIN
VAN,P.DEMITRA,M.SUNDIN,A.EDLER
VAN,H.SEDIN,D.SEDIN,K.BIEKSA
VAN,D.SEDIN,H.SEDIN,A.BURROWS
VAN,A.BURROWS,D.SEDIN,H.SEDIN
VAN,D.SEDIN,H.SEDIN,A.BURROWS
VAN,R.KESLER,M.SUNDIN,S.SALO
VAN,H.SEDIN,P.DEMITRA,W.MITCHELL
VAN,D.SEDIN,M.SUNDIN,K.BIEKSA
VAN,P.DEMITRA,M.SUNDIN,R.KESLER
VAN,A.EDLER,D.SEDIN,H.SEDIN
VAN,T.PYATT,K.WELLWOOD,S.BERNIER
VAN,A.BURROWS,H.SEDIN,D.SEDIN
VAN,R.KESLER,M.SUNDIN,P.DEMITRA
VAN,D.SEDIN,S.SALO,H.SEDIN
VAN,H.SEDIN,K.BIEKSA,D.SEDIN
VAN,R.KESLER,P.DEMITRA,O.VAANANEN
VAN,H.SEDIN,A.BURROWS,S.SALO
VAN,A.BURROWS,H.SEDIN,D.SEDIN
VAN,M.RAYMOND,R.KESLER,S.SALO
VAN,H.SEDIN,D.SEDIN,
VAN,D.SEDIN,H.SEDIN,K.BIEKSA
VAN,R.KESLER,P.DEMITRA,M.SUNDIN
VAN,M.SUNDIN,K.WELLWOOD,R.KESLER
VAN,S.BERNIER,M.RAYMOND,K.BIEKSA
VAN,K.WELLWOOD,R.KESLER,P.DEMITRA
VAN,A.BURROWS,R.KESLER,
VAN,T.PYATT,A.BURROWS,R.JOHNSON
VAN,A.EDLER,R.KESLER,M.OHLUND
VAN,A.BURROWS,T.PYATT,W.MITCHELL
VAN,M.SUNDIN,K.BIEKSA,H.SEDIN
VAN,H.SEDIN,R.KESLER,P.DEMITRA
VAN,H.SEDIN,D.SEDIN,S.SALO
VAN,A.BURROWS,K.BIEKSA,D.SEDIN
VAN,K.WELLWOOD,P.DEMITRA,W.MITCHELL
VAN,R.KESLER,M.SUNDIN,P.DEMITRA
VAN,A.BURROWS,D.SEDIN,
VAN,T.PYATT,R.JOHNSON,S.SALO
VAN,A.EDLER,M.OHLUND,R.KESLER
VAN,M.SUNDIN,P.DEMITRA,R.KESLER
VAN,K.BIEKSA,S.SALO,D.SEDIN
VAN,A.BURROWS,W.MITCHELL,H.SEDIN
VAN,P.DEMITRA,M.SUNDIN,R.KESLER
VAN,S.BERNIER,S.OBRIEN,K.BIEKSA
VAN,A.BURROWS,H.SEDIN,D.SEDIN
VAN,S.SALO,H.SEDIN,M.SUNDIN
VAN,R.KESLER,M.SUNDIN,M.OHLUND
VAN,A.BURROWS,D.SEDIN,
VAN,A.EDLER,R.KESLER,P.DEMITRA
VAN,S.BERNIER,P.DEMITRA,R.JOHNSON
VAN,S.SALO,P.DEMITRA,H.SEDIN
VAN,A.BURROWS,D.SEDIN,H.SEDIN
VAN,A.BURROWS,H.SEDIN,
VAN,H.SEDIN,D.SEDIN,A.BURROWS
VAN,K.BIEKSA,K.WELLWOOD,H.SEDIN
VAN,D.SEDIN,A.BURROWS,H.SEDIN
VAN,P.DEMITRA,M.SUNDIN,
VAN,R.KESLER,A.BURROWS,
VAN,R.KESLER,S.BERNIER,A.EDLER
VAN,K.BIEKSA,W.MITCHELL,D.SEDIN
VAN,D.SEDIN,H.SEDIN,A.BURROWS
VAN,A.EDLER,M.OHLUND,J.HANSEN
VAN,H.SEDIN,D.SEDIN,A.BURROWS
VAN,R.KESLER,M.SUNDIN,P.DEMITRA
VAN,T.PYATT,S.BERNIER,S.OBRIEN
VAN,M.OHLUND,K.BIEKSA,D.SEDIN
VAN,P.DEMITRA,S.OBRIEN,S.SALO
VAN,K.BIEKSA,A.EDLER,K.WELLWOOD
VAN,H.SEDIN,D.SEDIN,S.SALO
VAN,M.SUNDIN,P.DEMITRA,K.BIEKSA
VAN,M.SUNDIN,K.BIEKSA,R.KESLER
VAN,R.KESLER,P.DEMITRA,A.EDLER
VAN,A.BURROWS,M.OHLUND,
VAN,J.HANSEN,T.PYATT,W.MITCHELL
VAN,P.DEMITRA,,
VAN,H.SEDIN,D.SEDIN,A.EDLER
VAN,M.SUNDIN,R.KESLER,A.EDLER
VAN,R.KESLER,M.SUNDIN,P.DEMITRA
VAN,S.BERNIER,R.DAVISON,M.RAYMOND
VAN,D.SEDIN,M.SUNDIN,A.EDLER
VAN,A.EDLER,M.OHLUND,P.DEMITRA
VAN,R.KESLER,,
VAN,K.BIEKSA,H.SEDIN,D.SEDIN
VAN,R.KESLER,P.DEMITRA,M.SUNDIN
VAN,M.SUNDIN,P.DEMITRA,R.KESLER
VAN,A.BURROWS,R.KESLER,
VAN,R.KESLER,M.OHLUND,K.BIEKSA
VAN,A.EDLER,H.SEDIN,
VAN,R.KESLER,S.SALO,A.EDLER
VAN,A.BURROWS,,
VAN,S.SALO,K.BIEKSA,H.SEDIN
VAN,R.JOHNSON,,
VAN,T.PYATT,H.SEDIN,D.SEDIN
VAN,T.PYATT,H.SEDIN,D.SEDIN
VAN,M.SUNDIN,P.DEMITRA,J.HANSEN
VAN,S.BERNIER,R.KESLER,A.BURROWS
VAN,H.SEDIN,A.EDLER,K.BIEKSA
VAN,K.BIEKSA,W.MITCHELL,
VAN,D.SEDIN,,
VAN,A.BURROWS,R.KESLER,W.MITCHELL
VAN,P.DEMITRA,M.SUNDIN,S.OBRIEN
VAN,S.BERNIER,R.KESLER,
VAN,M.SUNDIN,K.BIEKSA,H.SEDIN
VAN,D.SEDIN,S.OBRIEN,H.SEDIN
VAN,J.HANSEN,W.MITCHELL,M.OHLUND
VAN,W.MITCHELL,D.SEDIN,H.SEDIN
VAN,W.MITCHELL,,
VAN,D.SEDIN,K.BIEKSA,H.SEDIN
VAN,A.BURROWS,S.BERNIER,R.KESLER
VAN,S.BERNIER,R.KESLER,A.BURROWS
VAN,S.BERNIER,A.BURROWS,
VAN,P.DEMITRA,D.SEDIN,
VAN,K.WELLWOOD,S.BERNIER,
VAN,D.HORDICHUK,J.JAFFRAY,A.BOLDUC
VAN,H.SEDIN,D.SEDIN,K.BIEKSA
VAN,H.SEDIN,D.SEDIN,P.DEMITRA
VAN,D.SEDIN,H.SEDIN,P.DEMITRA
VAN,M.OHLUND,A.EDLER,H.SEDIN
VAN,J.JAFFRAY,W.MITCHELL,S.BERNIER
VAN,D.SEDIN,H.SEDIN,M.RAYMOND
VAN,R.KESLER,A.BURROWS,S.BERNIER
VAN,H.SEDIN,P.DEMITRA,
VAN,P.DEMITRA,D.SEDIN,H.SEDIN
VAN,A.EDLER,D.SEDIN,
VAN,M.RAYMOND,S.BERNIER,A.EDLER
VAN,K.WELLWOOD,A.EDLER,K.BIEKSA
VAN,M.RAYMOND,M.OHLUND,S.BERNIER
VAN,R.KESLER,S.BERNIER,M.RAYMOND
VAN,D.SEDIN,R.DAVISON,H.SEDIN
VAN,D.SEDIN,,
VAN,D.SEDIN,J.HANSEN,H.SEDIN
VAN,D.SEDIN,A.EDLER,K.WELLWOOD
VAN,R.KESLER,S.BERNIER,W.MITCHELL
VAN,D.SEDIN,J.HANSEN,K.BIEKSA
VAN,J.HANSEN,H.SEDIN,D.SEDIN
VAN,D.HORDICHUK,R.KESLER,
VAN,P.DEMITRA,,
VAN,P.DEMITRA,M.RAYMOND,A.EDLER
VAN,K.WELLWOOD,D.SEDIN,H.SEDIN
VAN,R.KESLER,K.BIEKSA,
VAN,P.DEMITRA,K.WELLWOOD,
VAN,A.EDLER,D.SEDIN,K.BIEKSA
VAN,A.BURROWS,R.KESLER,
VAN,D.HORDICHUK,J.JAFFRAY,J.HANSEN
VAN,D.SEDIN,R.KESLER,W.MITCHELL
VAN,S.BERNIER,M.RAYMOND,P.DEMITRA
VAN,S.BERNIER,A.BURROWS,K.BIEKSA
VAN,K.BIEKSA,H.SEDIN,D.SEDIN
VAN,J.JAFFRAY,J.HANSEN,D.HORDICHUK
VAN,T.PYATT,S.OBRIEN,S.BERNIER
VAN,K.WELLWOOD,D.SEDIN,H.SEDIN
VAN,M.RAYMOND,A.EDLER,S.OBRIEN
VAN,H.SEDIN,D.SEDIN,P.DEMITRA
VAN,A.BURROWS,K.BIEKSA,M.OHLUND
VAN,K.WELLWOOD,D.SEDIN,A.EDLER
VAN,K.BIEKSA,H.SEDIN,A.EDLER
VAN,K.WELLWOOD,J.HANSEN,M.OHLUND
VAN,D.HORDICHUK,A.EDLER,J.HANSEN
VAN,D.SEDIN,H.SEDIN,M.BROWN
VAN,M.RAYMOND,K.WELLWOOD,T.PYATT
VAN,T.PYATT,,
VAN,D.SEDIN,S.SALO,M.RAYMOND
VAN,S.SALO,P.DEMITRA,D.SEDIN
VAN,P.DEMITRA,H.SEDIN,D.SEDIN
VAN,D.SEDIN,H.SEDIN,
VAN,P.DEMITRA,D.SEDIN,H.SEDIN
VAN,S.BERNIER,W.MITCHELL,K.WELLWOOD
VAN,P.DEMITRA,A.EDLER,H.SEDIN
VAN,D.SEDIN,P.DEMITRA,H.SEDIN
VAN,K.WELLWOOD,M.OHLUND,T.PYATT
VAN,A.BURROWS,J.HANSEN,
VAN,A.BURROWS,J.HANSEN,
VAN,R.JOHNSON,T.PYATT,M.OHLUND
VAN,P.DEMITRA,H.SEDIN,S.SALO
VAN,D.SEDIN,M.OHLUND,R.KESLER
VAN,P.DEMITRA,D.SEDIN,H.SEDIN
VAN,K.WELLWOOD,P.DEMITRA,S.OBRIEN
VAN,R.KESLER,M.OHLUND,P.DEMITRA
VAN,W.MITCHELL,A.BURROWS,J.HANSEN
VAN,D.SEDIN,L.NYCHOLAT,P.DEMITRA
VAN,T.PYATT,,
VAN,S.SALO,K.BIEKSA,H.SEDIN
VAN,D.SEDIN,H.SEDIN,K.BIEKSA
VAN,K.BIEKSA,R.KESLER,A.BURROWS
VAN,K.WELLWOOD,D.SEDIN,H.SEDIN
VAN,M.RAYMOND,S.BERNIER,K.BIEKSA
VAN,K.WELLWOOD,T.PYATT,
VAN,D.SEDIN,H.SEDIN,W.MITCHELL
VAN,H.SEDIN,D.SEDIN,M.OHLUND
VAN,K.WELLWOOD,S.SALO,M.RAYMOND
VAN,S.BERNIER,T.PYATT,S.OBRIEN
VAN,R.KESLER,A.BURROWS,J.HANSEN
VAN,A.BURROWS,K.BIEKSA,
VAN,M.OHLUND,S.SALO,M.RAYMOND
VAN,K.BIEKSA,J.HANSEN,
VAN,S.BERNIER,K.BIEKSA,R.LUONGO
VAN,D.SEDIN,H.SEDIN,K.BIEKSA
VAN,M.RAYMOND,A.EDLER,J.HANSEN
VAN,K.WELLWOOD,D.SEDIN,H.SEDIN
VAN,T.PYATT,W.MITCHELL,S.SALO
VAN,M.RAYMOND,S.BERNIER,
VAN,M.RAYMOND,K.BIEKSA,D.SEDIN
VAN,J.HANSEN,R.KESLER,
VAN,K.WELLWOOD,R.KESLER,A.EDLER
VAN,J.HANSEN,W.MITCHELL,A.BURROWS
VAN,J.KROG,K.BIEKSA,
VAN,K.WELLWOOD,R.KESLER,M.RAYMOND
VAN,K.BIEKSA,K.WELLWOOD,
VAN,P.DEMITRA,M.RAYMOND,R.KESLER
VAN,H.SEDIN,S.BERNIER,
VAN,R.KESLER,A.BURROWS,W.MITCHELL
VAN,S.BERNIER,H.SEDIN,M.RAYMOND
VAN,J.HANSEN,A.BURROWS,
VAN,R.KESLER,S.OBRIEN,S.SALO
VAN,M.RAYMOND,W.MITCHELL,P.DEMITRA
VAN,A.BURROWS,A.EDLER,W.MITCHELL
VAN,A.EDLER,H.SEDIN,S.SALO
VAN,D.SEDIN,H.SEDIN,
VAN,R.RYPIEN,R.JOHNSON,S.SALO
VAN,R.KESLER,J.HANSEN,A.EDLER
VAN,D.SEDIN,H.SEDIN,S.BERNIER
VAN,P.DEMITRA,A.BURROWS,M.OHLUND
VAN,H.SEDIN,D.SEDIN,R.KESLER
VAN,S.BERNIER,H.SEDIN,D.SEDIN
VAN,A.BURROWS,R.KESLER,
VAN,A.BURROWS,R.JOHNSON,
VAN,M.OHLUND,T.PYATT,D.SEDIN
VAN,R.RYPIEN,M.OHLUND,
VAN,R.RYPIEN,M.PETTINGER,S.BERNIER
VAN,K.BIEKSA,D.SEDIN,H.SEDIN
VAN,D.SEDIN,H.SEDIN,K.BIEKSA
VAN,R.KESLER,M.RAYMOND,J.HANSEN
VAN,D.SEDIN,H.SEDIN,
VAN,D.SEDIN,H.SEDIN,C.EHRHOFF
VAN,K.BIEKSA,A.EDLER,A.BURROWS
VAN,P.DEMITRA,H.SEDIN,D.SEDIN
VAN,A.ALBERTS,M.RAYMOND,
VAN,D.SEDIN,S.SALO,A.BURROWS
VAN,M.RAYMOND,A.EDLER,S.SALO
VAN,D.SEDIN,H.SEDIN,A.EDLER
VAN,R.KESLER,A.BURROWS,S.SALO
VAN,K.WELLWOOD,K.BIEKSA,P.DEMITRA
VAN,A.EDLER,,
VAN,S.SALO,H.SEDIN,D.SEDIN
VAN,M.GRABNER,R.KESLER,
VAN,M.GRABNER,R.KESLER,P.DEMITRA
VAN,M.GRABNER,C.EHRHOFF,R.KESLER
VAN,J.HANSEN,C.EHRHOFF,D.SEDIN
VAN,K.WELLWOOD,P.DEMITRA,A.EDLER
VAN,R.KESLER,H.SEDIN,A.EDLER
VAN,K.WELLWOOD,M.GRABNER,P.DEMITRA
VAN,A.BURROWS,K.BIEKSA,H.SEDIN
VAN,M.RAYMOND,R.KESLER,M.GRABNER
VAN,H.SEDIN,,
VAN,D.SEDIN,H.SEDIN,A.BURROWS
VAN,A.BURROWS,H.SEDIN,
VAN,D.SEDIN,A.BURROWS,H.SEDIN
VAN,C.EHRHOFF,H.SEDIN,D.SEDIN
VAN,D.SEDIN,H.SEDIN,
VAN,A.BURROWS,H.SEDIN,D.SEDIN
VAN,R.KESLER,A.EDLER,J.HANSEN
VAN,M.RAYMOND,M.GRABNER,R.KESLER
VAN,D.SEDIN,H.SEDIN,A.EDLER
VAN,K.WELLWOOD,C.EHRHOFF,S.OBRIEN
VAN,S.OBRIEN,M.RAYMOND,K.WELLWOOD
VAN,D.SEDIN,K.BIEKSA,H.SEDIN
VAN,A.EDLER,C.EHRHOFF,R.KESLER
VAN,R.KESLER,A.EDLER,P.DEMITRA
VAN,R.JOHNSON,R.RYPIEN,S.OBRIEN
VAN,K.WELLWOOD,C.EHRHOFF,M.RAYMOND
VAN,A.BURROWS,D.SEDIN,H.SEDIN
VAN,D.SEDIN,H.SEDIN,A.EDLER
VAN,R.KESLER,A.BURROWS,
VAN,H.SEDIN,D.SEDIN,M.SAMUELSSON
VAN,M.SAMUELSSON,P.DEMITRA,S.SALO
VAN,A.BURROWS,R.KESLER,
VAN,M.SAMUELSSON,D.SEDIN,
VAN,D.SEDIN,H.SEDIN,
VAN,S.SALO,A.EDLER,M.SAMUELSSON
VAN,H.SEDIN,M.SAMUELSSON,D.SEDIN
VAN,M.SAMUELSSON,H.SEDIN,
VAN,C.EHRHOFF,P.DEMITRA,R.KESLER
VAN,M.SAMUELSSON,D.SEDIN,H.SEDIN
VAN,M.SAMUELSSON,C.EHRHOFF,H.SEDIN
VAN,M.SAMUELSSON,D.SEDIN,H.SEDIN
VAN,A.BURROWS,C.EHRHOFF,R.KESLER
VAN,J.HANSEN,T.GLASS,A.ROME
VAN,D.SEDIN,M.SAMUELSSON,R.KESLER
VAN,A.EDLER,R.KESLER,P.DEMITRA
VAN,M.SAMUELSSON,H.SEDIN,
VAN,J.HANSEN,K.WELLWOOD,M.RAYMOND
VAN,H.SEDIN,D.SEDIN,C.EHRHOFF
VAN,R.KESLER,P.DEMITRA,
VAN,A.BURROWS,D.SEDIN,A.EDLER
VAN,M.SAMUELSSON,A.ALBERTS,
VAN,R.KESLER,M.RAYMOND,A.ROME
VAN,A.BURROWS,D.SEDIN,H.SEDIN
VAN,K.WELLWOOD,A.ROME,
VAN,S.SALO,P.DEMITRA,H.SEDIN
VAN,M.SAMUELSSON,D.SEDIN,H.SEDIN
VAN,R.KESLER,D.SEDIN,C.EHRHOFF
VAN,A.BURROWS,K.WELLWOOD,N.BAUMGARTNER
VAN,P.DEMITRA,S.SALO,D.SEDIN
VAN,K.WELLWOOD,M.RAYMOND,
VAN,C.EHRHOFF,R.KESLER,A.BURROWS
VAN,M.RAYMOND,C.EHRHOFF,D.SEDIN
VAN,M.SAMUELSSON,R.KESLER,C.EHRHOFF
VAN,N.BAUMGARTNER,A.BURROWS,D.SEDIN
VAN,K.WELLWOOD,S.BERNIER,
VAN,S.SALO,H.SEDIN,A.EDLER
VAN,M.SAMUELSSON,R.KESLER,
VAN,A.BURROWS,H.SEDIN,A.EDLER
VAN,J.HANSEN,S.SALO,
VAN,R.KESLER,M.SAMUELSSON,A.EDLER
VAN,R.KESLER,C.EHRHOFF,
VAN,M.RAYMOND,R.KESLER,
VAN,P.DEMITRA,S.SALO,T.GLASS
VAN,K.WELLWOOD,M.RAYMOND,P.DEMITRA
VAN,M.SAMUELSSON,D.SEDIN,S.SALO
VAN,R.KESLER,S.SALO,P.DEMITRA
VAN,A.BURROWS,,
VAN,D.SEDIN,A.BURROWS,C.EHRHOFF
VAN,H.SEDIN,A.BURROWS,D.SEDIN
VAN,D.SEDIN,H.SEDIN,
VAN,A.BURROWS,M.RAYMOND,R.KESLER
VAN,M.RAYMOND,R.KESLER,
VAN,M.RAYMOND,R.KESLER,M.SAMUELSSON
VAN,C.EHRHOFF,M.RAYMOND,R.KESLER
VAN,M.SAMUELSSON,M.RAYMOND,C.EHRHOFF
VAN,H.SEDIN,A.BURROWS,D.SEDIN
VAN,B.LUKOWICH,D.SEDIN,H.SEDIN
VAN,M.SAMUELSSON,R.KESLER,
VAN,H.SEDIN,D.SEDIN,A.BURROWS
VAN,S.BERNIER,P.DEMITRA,C.EHRHOFF
VAN,H.SEDIN,D.SEDIN,A.BURROWS
VAN,D.SEDIN,H.SEDIN,A.BURROWS
VAN,M.RAYMOND,R.KESLER,B.LUKOWICH
VAN,A.BURROWS,,
VAN,C.EHRHOFF,D.SEDIN,H.SEDIN
VAN,K.WELLWOOD,S.BERNIER,A.EDLER
VAN,A.BURROWS,H.SEDIN,D.SEDIN
VAN,S.SALO,D.SEDIN,H.SEDIN
VAN,D.SEDIN,H.SEDIN,S.SALO
VAN,H.SEDIN,D.SEDIN,J.HANSEN
VAN,A.BURROWS,,
VAN,M.SAMUELSSON,M.RAYMOND,
VAN,J.HANSEN,H.SEDIN,S.SALO
VAN,W.MITCHELL,H.SEDIN,D.SEDIN
VAN,R.KESLER,M.SAMUELSSON,M.RAYMOND
VAN,R.KESLER,M.RAYMOND,C.EHRHOFF
VAN,A.BURROWS,S.SALO,M.SAMUELSSON
VAN,A.BURROWS,D.SEDIN,H.SEDIN
VAN,A.BURROWS,A.EDLER,H.SEDIN
VAN,M.SAMUELSSON,M.RAYMOND,R.KESLER
VAN,D.SEDIN,H.SEDIN,A.BURROWS
VAN,A.BURROWS,H.SEDIN,S.SALO
VAN,M.SAMUELSSON,R.KESLER,S.OBRIEN
VAN,A.BURROWS,H.SEDIN,D.SEDIN
VAN,A.BURROWS,H.SEDIN,D.SEDIN
VAN,R.RYPIEN,K.WELLWOOD,A.EDLER
VAN,A.BURROWS,D.SEDIN,H.SEDIN
VAN,A.BURROWS,D.SEDIN,H.SEDIN
VAN,H.SEDIN,D.SEDIN,S.SALO
VAN,S.SALO,,
VAN,M.SAMUELSSON,R.KESLER,W.MITCHELL
VAN,A.BURROWS,R.KESLER,S.OBRIEN
VAN,R.KESLER,M.RAYMOND,M.SAMUELSSON
VAN,D.SEDIN,H.SEDIN,
VAN,A.BURROWS,R.KESLER,H.SEDIN
VAN,D.SEDIN,A.BURROWS,H.SEDIN
VAN,M.SAMUELSSON,T.GLASS,
VAN,H.SEDIN,D.SEDIN,
VAN,C.EHRHOFF,K.WELLWOOD,R.KESLER
VAN,M.SAMUELSSON,H.SEDIN,
VAN,K.WELLWOOD,A.EDLER,
VAN,H.SEDIN,W.MITCHELL,D.SEDIN
VAN,K.WELLWOOD,A.BURROWS,
VAN,M.RAYMOND,M.SAMUELSSON,R.KESLER
VAN,M.RAYMOND,,
VAN,M.RAYMOND,A.EDLER,C.EHRHOFF
VAN,D.SEDIN,H.SEDIN,S.SALO
VAN,R.KESLER,A.EDLER,M.RAYMOND
VAN,C.EHRHOFF,R.RYPIEN,D.SEDIN
VAN,H.SEDIN,A.BURROWS,D.SEDIN
VAN,S.BERNIER,T.GLASS,K.WELLWOOD
VAN,D.SEDIN,H.SEDIN,K.BIEKSA
VAN,S.SALO,H.SEDIN,D.SEDIN
VAN,H.SEDIN,D.SEDIN,A.BURROWS
VAN,S.OBRIEN,M.SAMUELSSON,M.RAYMOND
VAN,R.KESLER,J.HANSEN,
VAN,M.RAYMOND,H.SEDIN,
VAN,M.RAYMOND,R.KESLER,C.EHRHOFF
VAN,H.SEDIN,D.SEDIN,S.SALO
VAN,S.BERNIER,T.GLASS,S.SALO
VAN,R.KESLER,M.SAMUELSSON,M.RAYMOND
VAN,S.SALO,D.SEDIN,H.SEDIN
VAN,M.RAYMOND,R.KESLER,S.OBRIEN
VAN,D.SEDIN,H.SEDIN,K.BIEKSA
VAN,M.RAYMOND,H.SEDIN,K.BIEKSA
VAN,A.BURROWS,D.SEDIN,H.SEDIN
VAN,R.KESLER,M.SCHNEIDER,M.RAYMOND
VAN,D.SEDIN,A.BURROWS,S.OBRIEN
VAN,D.SEDIN,H.SEDIN,S.BERNIER
VAN,D.SEDIN,A.BURROWS,H.SEDIN
VAN,M.RAYMOND,M.SAMUELSSON,K.BIEKSA
VAN,R.KESLER,H.SEDIN,D.SEDIN
VAN,D.SEDIN,H.SEDIN,
VAN,J.HANSEN,H.SEDIN,
VAN,S.BERNIER,M.SAMUELSSON,K.WELLWOOD
VAN,A.BURROWS,D.SEDIN,H.SEDIN
VAN,W.MITCHELL,R.RYPIEN,T.GLASS
VAN,A.BURROWS,D.SEDIN,H.SEDIN
VAN,C.EHRHOFF,H.SEDIN,
VAN,A.BURROWS,D.SEDIN,H.SEDIN
VAN,S.SALO,A.EDLER,H.SEDIN
VAN,D.SEDIN,A.BURROWS,A.EDLER
VAN,A.EDLER,R.KESLER,M.SAMUELSSON
VAN,J.HANSEN,K.BIEKSA,
VAN,K.WELLWOOD,S.BERNIER,A.EDLER
VAN,J.HANSEN,K.WELLWOOD,
VAN,C.EHRHOFF,A.EDLER,R.KESLER
VAN,A.BURROWS,H.SEDIN,D.SEDIN
VAN,M.RAYMOND,C.EHRHOFF,R.KESLER
VAN,D.SEDIN,H.SEDIN,W.MITCHELL
VAN,T.GLASS,S.BERNIER,
VAN,A.EDLER,M.RAYMOND,R.KESLER
VAN,M.SAMUELSSON,M.RAYMOND,A.EDLER
VAN,A.BURROWS,D.SEDIN,H.SEDIN
VAN,H.SEDIN,A.EDLER,
VAN,T.GLASS,S.BERNIER,K.WELLWOOD
VAN,K.WELLWOOD,R.KESLER,A.BURROWS
VAN,C.EHRHOFF,A.EDLER,K.WELLWOOD
VAN,C.EHRHOFF,M.RAYMOND,R.KESLER
VAN,H.SEDIN,A.BURROWS,J.HANSEN
VAN,S.BERNIER,C.EHRHOFF,M.SAMUELSSON
VAN,M.SAMUELSSON,M.SCHNEIDER,
VAN,H.SEDIN,R.KESLER,M.RAYMOND
VAN,H.SEDIN,M.RAYMOND,R.JOHNSON
VAN,J.HANSEN,T.GLASS,R.JOHNSON
VAN,M.SCHNEIDER,M.SAMUELSSON,A.BURROWS
VAN,S.BERNIER,R.JOHNSON,J.HANSEN
VAN,H.SEDIN,A.EDLER,M.RAYMOND
VAN,S.BERNIER,M.PETTINGER,K.BIEKSA
VAN,T.GLASS,M.SCHNEIDER,K.BIEKSA
VAN,M.RAYMOND,K.BIEKSA,R.KESLER
VAN,H.SEDIN,R.KESLER,
VAN,M.RAYMOND,K.BIEKSA,H.SEDIN
VAN,D.HORDICHUK,,
VAN,M.RAYMOND,A.EDLER,C.EHRHOFF
VAN,H.SEDIN,A.BURROWS,W.MITCHELL
VAN,M.PETTINGER,R.JOHNSON,A.EDLER
VAN,A.BURROWS,,
VAN,M.SAMUELSSON,R.KESLER,
VAN,R.RYPIEN,R.KESLER,
VAN,M.SAMUELSSON,M.RAYMOND,R.KESLER
VAN,H.SEDIN,S.BERNIER,A.BURROWS
VAN,M.RAYMOND,A.EDLER,R.KESLER
VAN,R.KESLER,S.SALO,M.RAYMOND
VAN,T.GLASS,R.RYPIEN,
VAN,S.BERNIER,W.MITCHELL,A.ROME
VAN,M.RAYMOND,C.EHRHOFF,
VAN,M.SAMUELSSON,A.BURROWS,H.SEDIN
VAN,H.SEDIN,M.SAMUELSSON,K.BIEKSA
VAN,C.EHRHOFF,R.KESLER,K.BIEKSA
VAN,M.SCHNEIDER,H.SEDIN,K.BIEKSA
VAN,H.SEDIN,A.EDLER,R.KESLER
VAN,M.GRABNER,C.EHRHOFF,A.EDLER
VAN,H.SEDIN,M.SAMUELSSON,D.HORDICHUK
VAN,M.RAYMOND,M.GRABNER,C.EHRHOFF
VAN,R.KESLER,C.EHRHOFF,M.GRABNER
VAN,M.RAYMOND,A.BURROWS,W.MITCHELL
VAN,S.BERNIER,A.BURROWS,M.SAMUELSSON
VAN,M.GRABNER,R.KESLER,A.EDLER
VAN,M.SAMUELSSON,,
VAN,S.BERNIER,K.WELLWOOD,
VAN,R.KESLER,K.BIEKSA,
VAN,M.SAMUELSSON,A.BURROWS,H.SEDIN
VAN,R.RYPIEN,H.SEDIN,A.EDLER
VAN,M.SAMUELSSON,S.BERNIER,H.SEDIN
VAN,C.EHRHOFF,R.KESLER,M.GRABNER
VAN,R.KESLER,M.SAMUELSSON,C.EHRHOFF
VAN,A.BURROWS,M.SAMUELSSON,H.SEDIN
VAN,W.MITCHELL,S.BERNIER,H.SEDIN
VAN,R.KESLER,A.EDLER,K.BIEKSA
VAN,M.RAYMOND,R.KESLER,
VAN,S.BERNIER,D.SEDIN,H.SEDIN
VAN,H.SEDIN,D.SEDIN,S.SALO
VAN,H.SEDIN,C.EHRHOFF,
VAN,M.SAMUELSSON,C.EHRHOFF,R.KESLER
VAN,A.BURROWS,D.SEDIN,H.SEDIN
VAN,H.SEDIN,A.BURROWS,K.BIEKSA
VAN,C.EHRHOFF,W.MITCHELL,S.BERNIER
VAN,W.MITCHELL,M.SAMUELSSON,R.KESLER
VAN,K.BIEKSA,D.SEDIN,H.SEDIN
VAN,M.SAMUELSSON,A.EDLER,C.EHRHOFF
VAN,A.BURROWS,W.MITCHELL,
VAN,A.BURROWS,D.SEDIN,
VAN,R.KESLER,H.SEDIN,D.SEDIN
VAN,C.EHRHOFF,A.EDLER,J.HANSEN
VAN,M.RAYMOND,J.HANSEN,
VAN,R.KESLER,H.SEDIN,D.SEDIN
VAN,R.KESLER,,
VAN,M.RAYMOND,D.SEDIN,K.BIEKSA
VAN,R.KESLER,C.HIGGINS,
VAN,A.BURROWS,H.SEDIN,K.BIEKSA
VAN,D.SEDIN,V.ORESKOVICH,
VAN,C.EHRHOFF,J.HANSEN,
VAN,R.KESLER,D.SEDIN,S.SALO
VAN,A.BURROWS,H.SEDIN,D.SEDIN
VAN,A.BURROWS,D.SEDIN,H.SEDIN
VAN,A.ROME,J.HANSEN,
VAN,C.EHRHOFF,C.HIGGINS,M.RAYMOND
VAN,H.SEDIN,D.SEDIN,R.KESLER
VAN,C.HIGGINS,R.KESLER,M.RAYMOND
VAN,C.HIGGINS,M.RAYMOND,K.BIEKSA
VAN,M.RAYMOND,R.TORRES,
VAN,A.BOLDUC,V.ORESKOVICH,K.BALLARD
VAN,A.BURROWS,R.KESLER,
VAN,D.SEDIN,H.SEDIN,D.HAMHUIS
VAN,D.SEDIN,H.SEDIN,R.KESLER
VAN,C.EHRHOFF,M.SAMUELSSON,D.SEDIN
VAN,M.LAPIERRE,C.HIGGINS,K.BALLARD
VAN,A.BURROWS,D.SEDIN,D.HAMHUIS
VAN,H.SEDIN,D.SEDIN,A.BURROWS
VAN,H.SEDIN,,
VAN,R.TORRES,M.MALHOTRA,J.HANSEN
VAN,D.SEDIN,M.SAMUELSSON,H.SEDIN
VAN,R.KESLER,M.SAMUELSSON,C.EHRHOFF
VAN,R.KESLER,M.MALHOTRA,C.EHRHOFF
VAN,R.KESLER,M.SAMUELSSON,H.SEDIN
VAN,D.SEDIN,H.SEDIN,C.EHRHOFF
VAN,A.BURROWS,D.SEDIN,C.EHRHOFF
VAN,D.SEDIN,R.KESLER,C.EHRHOFF
VAN,A.BURROWS,D.SEDIN,H.SEDIN
VAN,S.SALO,D.HAMHUIS,M.MALHOTRA
VAN,M.RAYMOND,M.SAMUELSSON,R.KESLER
VAN,D.SEDIN,H.SEDIN,C.EHRHOFF
VAN,D.HAMHUIS,M.SAMUELSSON,D.SEDIN
VAN,H.SEDIN,R.KESLER,C.EHRHOFF
VAN,S.SALO,H.SEDIN,D.SEDIN
VAN,D.HAMHUIS,H.SEDIN,D.SEDIN
VAN,M.MALHOTRA,J.HANSEN,R.TORRES
VAN,M.MALHOTRA,J.HANSEN,
VAN,D.SEDIN,M.SAMUELSSON,H.SEDIN
VAN,J.HANSEN,R.TORRES,
VAN,D.SEDIN,C.EHRHOFF,H.SEDIN
VAN,A.BURROWS,M.MALHOTRA,
VAN,M.RAYMOND,R.KESLER,S.SALO
VAN,M.MALHOTRA,R.TORRES,C.EHRHOFF
VAN,M.SAMUELSSON,H.SEDIN,D.SEDIN
VAN,S.SALO,T.GLASS,V.ORESKOVICH
VAN,M.MALHOTRA,J.HANSEN,
VAN,H.SEDIN,M.SAMUELSSON,R.KESLER
VAN,M.SAMUELSSON,C.EHRHOFF,D.SEDIN
VAN,D.SEDIN,H.SEDIN,
VAN,R.TORRES,A.ROME,
VAN,D.SEDIN,H.SEDIN,A.BURROWS
VAN,H.SEDIN,D.SEDIN,A.BURROWS
VAN,R.TORRES,M.MALHOTRA,J.HANSEN
VAN,D.SEDIN,H.SEDIN,C.EHRHOFF
VAN,M.MALHOTRA,S.SALO,
VAN,J.HANSEN,M.MALHOTRA,
VAN,M.SAMUELSSON,R.KESLER,M.RAYMOND
VAN,R.KESLER,C.EHRHOFF,
VAN,H.SEDIN,S.SALO,A.BURROWS
VAN,J.HANSEN,R.TORRES,C.EHRHOFF
VAN,A.BURROWS,M.RAYMOND,M.MALHOTRA
VAN,M.SAMUELSSON,M.RAYMOND,K.BIEKSA
VAN,M.SAMUELSSON,C.EHRHOFF,D.SEDIN
VAN,A.BURROWS,A.ROME,M.MALHOTRA
VAN,D.SEDIN,M.SAMUELSSON,R.KESLER
VAN,A.BURROWS,H.SEDIN,D.SEDIN
VAN,R.KESLER,D.SEDIN,K.BIEKSA
VAN,A.BURROWS,H.SEDIN,C.EHRHOFF
VAN,R.KESLER,M.RAYMOND,M.SAMUELSSON
VAN,M.SAMUELSSON,R.KESLER,M.RAYMOND
VAN,M.SAMUELSSON,M.RAYMOND,
VAN,C.EHRHOFF,T.GLASS,C.HODGSON
VAN,M.SAMUELSSON,H.SEDIN,D.HAMHUIS
VAN,H.SEDIN,M.SAMUELSSON,D.SEDIN
VAN,D.SEDIN,H.SEDIN,A.BURROWS
VAN,A.BURROWS,D.SEDIN,
VAN,J.HANSEN,L.SWEATT,M.RAYMOND
VAN,C.HODGSON,J.TAMBELLINI,D.HAMHUIS
VAN,R.KESLER,M.SAMUELSSON,
VAN,M.RAYMOND,M.SAMUELSSON,
VAN,R.KESLER,,
VAN,M.SAMUELSSON,C.EHRHOFF,D.SEDIN
VAN,C.EHRHOFF,D.SEDIN,M.SAMUELSSON
VAN,R.KESLER,J.HANSEN,
VAN,A.BURROWS,H.SEDIN,
VAN,A.BURROWS,D.HAMHUIS,
VAN,L.SWEATT,D.SEDIN,
VAN,A.BURROWS,D.SEDIN,K.BALLARD
VAN,R.KESLER,A.EDLER,H.SEDIN
VAN,C.EHRHOFF,H.SEDIN,D.SEDIN
VAN,M.SAMUELSSON,R.KESLER,M.RAYMOND
VAN,H.SEDIN,A.VOLPATTI,R.TORRES
VAN,M.RAYMOND,A.EDLER,M.SAMUELSSON
VAN,D.HAMHUIS,J.TAMBELLINI,C.TANEV
VAN,A.EDLER,H.SEDIN,D.SEDIN
VAN,A.EDLER,A.BURROWS,C.EHRHOFF
VAN,R.KESLER,A.BURROWS,R.LUONGO
VAN,H.SEDIN,D.SEDIN,D.HAMHUIS
VAN,A.EDLER,D.SEDIN,H.SEDIN
VAN,R.KESLER,C.EHRHOFF,A.EDLER
VAN,S.SHIROKOV,R.KESLER,D.HAMHUIS
VAN,A.EDLER,J.HANSEN,C.EHRHOFF
VAN,C.EHRHOFF,R.KESLER,D.SEDIN
VAN,D.SEDIN,J.HANSEN,
VAN,D.SEDIN,A.BURROWS,K.BIEKSA
VAN,A.BURROWS,D.SEDIN,H.SEDIN
VAN,R.KESLER,M.SAMUELSSON,R.TORRES
VAN,K.BIEKSA,,
VAN,D.SEDIN,R.KESLER,H.SEDIN
VAN,D.SEDIN,H.SEDIN,K.BIEKSA
VAN,R.KESLER,A.ALBERTS,
VAN,D.SEDIN,H.SEDIN,A.BURROWS
VAN,R.KESLER,D.HAMHUIS,R.TORRES
VAN,R.KESLER,C.EHRHOFF,
VAN,A.EDLER,D.SEDIN,H.SEDIN
VAN,R.KESLER,M.RAYMOND,A.BURROWS
VAN,K.BIEKSA,R.TORRES,D.HAMHUIS
VAN,D.SEDIN,K.BIEKSA,A.BURROWS
VAN,D.SEDIN,H.SEDIN,A.BURROWS
VAN,A.EDLER,C.EHRHOFF,D.SEDIN
VAN,J.HANSEN,R.KESLER,M.RAYMOND
VAN,A.BURROWS,C.EHRHOFF,K.BALLARD
VAN,A.BOLDUC,T.GLASS,R.LUONGO
VAN,M.RAYMOND,A.BOLDUC,K.BIEKSA
VAN,D.SEDIN,H.SEDIN,C.EHRHOFF
VAN,R.TORRES,J.HANSEN,K.BIEKSA
VAN,H.SEDIN,A.EDLER,D.SEDIN
VAN,K.BIEKSA,D.HAMHUIS,M.MALHOTRA
VAN,M.MALHOTRA,C.EHRHOFF,R.TORRES
VAN,R.KESLER,K.BIEKSA,
VAN,D.SEDIN,A.BURROWS,H.SEDIN
VAN,R.KESLER,H.SEDIN,C.EHRHOFF
VAN,J.HANSEN,D.SEDIN,H.SEDIN
VAN,J.TAMBELLINI,R.KESLER,
VAN,J.TAMBELLINI,R.KESLER,A.EDLER
VAN,M.SAMUELSSON,R.TORRES,M.MALHOTRA
VAN,K.BIEKSA,A.BURROWS,H.SEDIN
VAN,A.BURROWS,H.SEDIN,D.SEDIN
VAN,C.EHRHOFF,H.SEDIN,A.BURROWS
VAN,R.TORRES,A.ALBERTS,
VAN,D.SEDIN,A.EDLER,H.SEDIN
VAN,R.KESLER,J.HANSEN,J.TAMBELLINI
VAN,H.SEDIN,D.SEDIN,A.BURROWS
VAN,R.TORRES,D.HAMHUIS,M.SAMUELSSON
VAN,H.SEDIN,R.KESLER,D.SEDIN
VAN,D.SEDIN,R.KESLER,C.EHRHOFF
VAN,M.SAMUELSSON,H.SEDIN,
VAN,J.TAMBELLINI,R.KESLER,
VAN,A.VOLPATTI,A.BOLDUC,
VAN,R.KESLER,R.TORRES,M.SAMUELSSON
VAN,J.TAMBELLINI,M.SAMUELSSON,D.HAMHUIS
VAN,A.BURROWS,K.BIEKSA,D.SEDIN
VAN,J.HANSEN,R.KESLER,J.TAMBELLINI
VAN,C.EHRHOFF,J.HANSEN,A.EDLER
VAN,H.SEDIN,A.BURROWS,K.BIEKSA
VAN,R.KESLER,A.EDLER,
VAN,R.KESLER,M.SAMUELSSON,
VAN,R.KESLER,D.SEDIN,H.SEDIN
VAN,A.BURROWS,D.SEDIN,H.SEDIN
VAN,H.SEDIN,D.SEDIN,R.KESLER
VAN,D.SEDIN,H.SEDIN,A.BURROWS
VAN,M.MALHOTRA,M.SAMUELSSON,C.SCHNEIDER
VAN,H.SEDIN,D.SEDIN,C.SCHNEIDER
VAN,K.BALLARD,,
VAN,R.KESLER,A.EDLER,C.EHRHOFF
VAN,J.TAMBELLINI,M.RAYMOND,D.HAMHUIS
VAN,D.SEDIN,C.EHRHOFF,R.KESLER
VAN,R.KESLER,M.MALHOTRA,H.SEDIN
VAN,J.HANSEN,J.TAMBELLINI,K.BALLARD
VAN,K.BIEKSA,D.SEDIN,
VAN,T.GLASS,J.HANSEN,D.HAMHUIS
VAN,C.EHRHOFF,A.EDLER,D.SEDIN
VAN,H.SEDIN,D.SEDIN,A.BURROWS
VAN,M.RAYMOND,A.ALBERTS,R.KESLER
VAN,J.TAMBELLINI,A.EDLER,M.RAYMOND
VAN,D.SEDIN,R.KESLER,H.SEDIN
VAN,M.RAYMOND,M.MALHOTRA,
VAN,A.BURROWS,H.SEDIN,
VAN,M.RAYMOND,M.SAMUELSSON,
VAN,D.HAMHUIS,J.TAMBELLINI,R.TORRES
VAN,J.TAMBELLINI,A.EDLER,R.KESLER
VAN,R.TORRES,J.HANSEN,D.HAMHUIS
VAN,M.SAMUELSSON,T.GLASS,
VAN,M.SAMUELSSON,,
VAN,A.BURROWS,H.SEDIN,D.SEDIN
VAN,K.BALLARD,,
VAN,K.BIEKSA,M.SAMUELSSON,M.MALHOTRA
VAN,D.SEDIN,H.SEDIN,A.BURROWS
VAN,R.KESLER,M.RAYMOND,J.TAMBELLINI
VAN,A.BURROWS,D.SEDIN,H.SEDIN
VAN,C.EHRHOFF,M.RAYMOND,A.BURROWS
VAN,T.GLASS,P.SCHAEFER,A.ALBERTS
VAN,M.SAMUELSSON,R.KESLER,A.EDLER
VAN,D.HAMHUIS,H.SEDIN,D.SEDIN
VAN,D.SEDIN,C.EHRHOFF,H.SEDIN
VAN,A.EDLER,H.SEDIN,D.SEDIN
VAN,M.SAMUELSSON,D.SEDIN,H.SEDIN
VAN,D.SEDIN,A.EDLER,H.SEDIN
VAN,R.KESLER,M.SAMUELSSON,M.RAYMOND
VAN,R.KESLER,C.EHRHOFF,
VAN,M.RAYMOND,M.SAMUELSSON,A.EDLER
VAN,D.HAMHUIS,H.SEDIN,D.SEDIN
VAN,D.SEDIN,H.SEDIN,A.BURROWS
VAN,R.KESLER,J.HANSEN,
VAN,A.BURROWS,D.SEDIN,H.SEDIN
VAN,R.KESLER,M.SAMUELSSON,M.RAYMOND
VAN,T.GLASS,A.ALBERTS,R.RYPIEN
VAN,M.BLIZNAK,T.GLASS,C.EHRHOFF
VAN,D.SEDIN,H.SEDIN,A.EDLER
VAN,M.SAMUELSSON,T.GLASS,R.KESLER
VAN,M.MALHOTRA,,
VAN,J.HANSEN,M.MALHOTRA,R.TORRES
VAN,A.EDLER,R.KESLER,H.SEDIN
VAN,M.MALHOTRA,M.RAYMOND,A.ROME
VAN,R.KESLER,D.SEDIN,A.EDLER
VAN,H.SEDIN,C.EHRHOFF,D.SEDIN
VAN,R.TORRES,A.ROME,M.RAYMOND
VAN,D.SEDIN,H.SEDIN,A.EDLER
VAN,R.TORRES,M.MALHOTRA,K.BIEKSA
VAN,R.TORRES,K.BIEKSA,
VAN,R.TORRES,K.BIEKSA,R.LUONGO
VAN,R.TORRES,M.MALHOTRA,
VAN,R.KESLER,M.RAYMOND,M.SAMUELSSON
VAN,H.SEDIN,,
VAN,J.TAMBELLINI,D.SEDIN,H.SEDIN
VAN,R.KESLER,C.EHRHOFF,A.EDLER
VAN,P.SCHAEFER,C.EHRHOFF,
VAN,M.RAYMOND,,
VAN,R.TORRES,J.HANSEN,M.MALHOTRA
VAN,R.KESLER,M.RAYMOND,A.ALBERTS
VAN,M.MALHOTRA,A.EDLER,R.TORRES
VAN,M.MALHOTRA,J.HANSEN,C.SCHNEIDER
VAN,J.TAMBELLINI,H.SEDIN,D.SEDIN
VAN,D.SEDIN,R.KESLER,C.EHRHOFF
VAN,D.SEDIN,H.SEDIN,A.EDLER
VAN,D.SEDIN,H.SEDIN,M.SAMUELSSON
VAN,A.ALBERTS,M.SAMUELSSON,M.MALHOTRA
VAN,M.RAYMOND,J.TAMBELLINI,M.SAMUELSSON
VAN,M.SAMUELSSON,T.GLASS,M.RAYMOND
VAN,M.RAYMOND,D.SEDIN,H.SEDIN
VAN,R.KESLER,C.EHRHOFF,H.SEDIN
VAN,D.SEDIN,H.SEDIN,A.EDLER
VAN,D.SEDIN,H.SEDIN,A.EDLER
VAN,R.TORRES,D.HAMHUIS,M.MALHOTRA
VAN,C.EHRHOFF,A.EDLER,D.SEDIN
VAN,D.SEDIN,M.SAMUELSSON,H.SEDIN
VAN,D.SEDIN,H.SEDIN,M.SAMUELSSON
VAN,C.EHRHOFF,D.SEDIN,H.SEDIN
VAN,H.SEDIN,A.BURROWS,R.KESLER
VAN,S.PAHLSSON,J.HANSEN,
VAN,D.BOOTH,K.BIEKSA,R.LUONGO
VAN,A.BURROWS,D.HAMHUIS,
VAN,J.HANSEN,C.HIGGINS,K.BIEKSA
VAN,A.BURROWS,H.SEDIN,M.GRAGNANI
VAN,C.HIGGINS,D.HAMHUIS,J.HANSEN
VAN,A.BURROWS,D.HAMHUIS,A.EDLER
VAN,M.LAPIERRE,H.SEDIN,M.RAYMOND
VAN,M.LAPIERRE,H.SEDIN,A.EDLER
VAN,M.GRAGNANI,A.BURROWS,H.SEDIN
VAN,A.EBBETT,S.SALO,A.EDLER
VAN,C.HIGGINS,J.HANSEN,
VAN,S.SALO,H.SEDIN,R.KESLER
VAN,A.ALBERTS,H.SEDIN,M.LAPIERRE
VAN,A.BURROWS,H.SEDIN,M.LAPIERRE
VAN,M.LAPIERRE,M.GRAGNANI,Z.KASSIAN
VAN,C.HIGGINS,S.PAHLSSON,
VAN,M.MALHOTRA,M.LAPIERRE,A.EDLER
VAN,M.RAYMOND,S.SALO,H.SEDIN
VAN,C.HIGGINS,S.PAHLSSON,K.BIEKSA
VAN,C.HIGGINS,J.HANSEN,K.BIEKSA
VAN,M.RAYMOND,D.HAMHUIS,H.SEDIN
VAN,K.BIEKSA,M.RAYMOND,H.SEDIN
VAN,J.HANSEN,S.PAHLSSON,
VAN,D.BOOTH,C.HIGGINS,D.HAMHUIS
VAN,D.SEDIN,H.SEDIN,
VAN,A.EDLER,C.SCHNEIDER,
VAN,D.SEDIN,H.SEDIN,A.EDLER
VAN,A.BURROWS,J.HANSEN,C.TANEV
VAN,R.KESLER,H.SEDIN,A.BURROWS
VAN,D.BOOTH,C.HIGGINS,K.BIEKSA
VAN,D.HAMHUIS,D.SEDIN,H.SEDIN
VAN,R.KESLER,D.BOOTH,C.HIGGINS
VAN,R.KESLER,,
VAN,A.EDLER,S.SALO,C.HIGGINS
VAN,S.PAHLSSON,K.BIEKSA,J.HANSEN
VAN,C.HIGGINS,J.HANSEN,S.PAHLSSON
VAN,A.EDLER,K.BIEKSA,C.HIGGINS
VAN,D.BOOTH,A.BURROWS,K.BIEKSA
VAN,D.BOOTH,Z.KASSIAN,
VAN,Z.KASSIAN,R.KESLER,D.HAMHUIS
VAN,A.BURROWS,D.HAMHUIS,K.BIEKSA
VAN,C.HIGGINS,A.BURROWS,K.BIEKSA
VAN,A.EDLER,S.SALO,D.SEDIN
VAN,R.KESLER,C.HIGGINS,D.HAMHUIS
VAN,M.RAYMOND,C.HIGGINS,A.ROME
VAN,A.ROME,C.TANEV,A.BURROWS
VAN,M.RAYMOND,D.BOOTH,D.HAMHUIS
VAN,D.SEDIN,H.SEDIN,A.EDLER
VAN,C.HODGSON,,
VAN,D.SEDIN,H.SEDIN,R.KESLER
VAN,D.WEISE,M.MALHOTRA,M.LAPIERRE
VAN,H.SEDIN,D.SEDIN,A.BURROWS
VAN,S.SALO,H.SEDIN,R.KESLER
VAN,K.BIEKSA,D.WEISE,M.MALHOTRA
VAN,C.HIGGINS,J.HANSEN,
VAN,D.SEDIN,A.BURROWS,
VAN,A.BURROWS,D.SEDIN,
VAN,M.MALHOTRA,M.LAPIERRE,B.BITZ
VAN,A.BURROWS,D.SEDIN,H.SEDIN
VAN,D.SEDIN,H.SEDIN,
VAN,S.SALO,D.SEDIN,H.SEDIN
VAN,K.BIEKSA,J.HANSEN,H.SEDIN
VAN,D.BOOTH,M.RAYMOND,K.BIEKSA
VAN,J.HANSEN,C.HODGSON,C.HIGGINS
VAN,A.BURROWS,C.HIGGINS,R.KESLER
VAN,D.BOOTH,R.KESLER,A.ROME
VAN,C.HODGSON,M.DUCO,A.EDLER
VAN,D.BOOTH,D.HAMHUIS,
VAN,D.SEDIN,A.EDLER,S.SALO
VAN,M.LAPIERRE,,
VAN,H.SEDIN,B.BITZ,D.SEDIN
VAN,M.MALHOTRA,K.BIEKSA,J.HANSEN
VAN,R.KESLER,A.BURROWS,D.BOOTH
VAN,R.KESLER,A.BURROWS,D.HAMHUIS
VAN,B.BITZ,H.SEDIN,K.BIEKSA
VAN,D.SEDIN,B.BITZ,H.SEDIN
VAN,R.KESLER,A.EDLER,D.BOOTH
VAN,K.BIEKSA,H.SEDIN,
VAN,R.KESLER,D.BOOTH,K.BIEKSA
VAN,A.BURROWS,M.LAPIERRE,
VAN,M.RAYMOND,S.SALO,H.SEDIN
VAN,R.KESLER,A.EDLER,
VAN,C.HODGSON,J.HANSEN,D.HAMHUIS
VAN,D.SEDIN,H.SEDIN,A.EDLER
VAN,D.SEDIN,A.BURROWS,D.HAMHUIS
VAN,D.BOOTH,R.KESLER,C.HIGGINS
VAN,D.BOOTH,A.EDLER,C.HIGGINS
VAN,C.HODGSON,M.RAYMOND,A.ROME
VAN,R.KESLER,D.BOOTH,
VAN,C.HODGSON,M.RAYMOND,
VAN,D.SEDIN,A.EDLER,A.BURROWS
VAN,D.BOOTH,J.HANSEN,C.HODGSON
VAN,C.HODGSON,C.HIGGINS,D.HAMHUIS
VAN,M.RAYMOND,A.BURROWS,K.BIEKSA
VAN,A.BURROWS,D.SEDIN,H.SEDIN
VAN,A.BURROWS,A.EDLER,M.MALHOTRA
VAN,D.SEDIN,H.SEDIN,A.EDLER
VAN,A.EDLER,A.SULZER,H.SEDIN
VAN,J.HANSEN,D.HAMHUIS,
VAN,M.MALHOTRA,M.DUCO,K.BALLARD
VAN,R.KESLER,M.RAYMOND,C.HODGSON
VAN,D.WEISE,M.MALHOTRA,
VAN,R.KESLER,S.SALO,D.SEDIN
VAN,A.BURROWS,C.HODGSON,K.BIEKSA
VAN,H.SEDIN,A.EDLER,K.BIEKSA
VAN,C.HODGSON,D.HAMHUIS,
VAN,D.SEDIN,H.SEDIN,D.HAMHUIS
VAN,A.BURROWS,D.SEDIN,H.SEDIN
VAN,M.MALHOTRA,R.KESLER,
VAN,J.HANSEN,C.HODGSON,
VAN,C.HODGSON,D.HAMHUIS,K.BIEKSA
VAN,K.BIEKSA,D.SEDIN,H.SEDIN
VAN,H.SEDIN,A.BURROWS,
VAN,C.HODGSON,D.WEISE,K.BALLARD
VAN,M.RAYMOND,R.KESLER,A.EDLER
VAN,D.SEDIN,H.SEDIN,K.BIEKSA
VAN,D.SEDIN,H.SEDIN,A.BURROWS
VAN,D.SEDIN,H.SEDIN,A.EDLER
VAN,R.KESLER,A.EDLER,K.BIEKSA
VAN,A.EBBETT,K.BIEKSA,J.HANSEN
VAN,A.EBBETT,C.HIGGINS,K.BIEKSA
VAN,D.SEDIN,H.SEDIN,K.BALLARD
VAN,A.EBBETT,J.HANSEN,C.HODGSON
VAN,A.BURROWS,R.KESLER,
VAN,R.KESLER,A.BURROWS,A.EDLER
VAN,D.HAMHUIS,K.BIEKSA,C.HODGSON
VAN,C.HIGGINS,M.RAYMOND,K.BIEKSA
VAN,C.HODGSON,J.HANSEN,M.MALHOTRA
VAN,A.BURROWS,D.SEDIN,H.SEDIN
VAN,A.EDLER,J.HANSEN,
VAN,H.SEDIN,D.SEDIN,A.EDLER
VAN,R.KESLER,D.SEDIN,H.SEDIN
VAN,A.BURROWS,D.SEDIN,H.SEDIN
VAN,J.HANSEN,C.HODGSON,M.MALHOTRA
VAN,C.HIGGINS,A.EDLER,S.SALO
VAN,M.RAYMOND,R.KESLER,C.HIGGINS
VAN,D.SEDIN,A.BURROWS,K.BIEKSA
VAN,A.BURROWS,H.SEDIN,D.HAMHUIS
VAN,J.HANSEN,,
VAN,K.BIEKSA,C.HIGGINS,R.KESLER
VAN,M.RAYMOND,H.SEDIN,A.BURROWS
VAN,A.BURROWS,H.SEDIN,M.RAYMOND
VAN,M.LAPIERRE,C.HIGGINS,
VAN,A.EDLER,H.SEDIN,R.KESLER
VAN,R.KESLER,J.HANSEN,M.RAYMOND
VAN,R.KESLER,H.SEDIN,D.SEDIN
VAN,D.WEISE,A.ROME,
VAN,M.RAYMOND,J.HANSEN,
VAN,C.HODGSON,,
VAN,S.SALO,H.SEDIN,R.KESLER
VAN,D.SEDIN,A.BURROWS,H.SEDIN
VAN,J.HANSEN,K.BIEKSA,C.HODGSON
VAN,D.SEDIN,H.SEDIN,D.HAMHUIS
VAN,J.HANSEN,A.EDLER,K.BALLARD
VAN,D.SEDIN,A.BURROWS,H.SEDIN
VAN,A.EDLER,C.HODGSON,C.SCHNEIDER
VAN,K.BIEKSA,C.HIGGINS,D.BOOTH
VAN,C.HIGGINS,R.KESLER,D.BOOTH
VAN,D.BOOTH,R.KESLER,C.HIGGINS
VAN,J.HANSEN,M.RAYMOND,K.BALLARD
VAN,D.SEDIN,R.KESLER,H.SEDIN
VAN,C.HODGSON,C.HIGGINS,K.BIEKSA
VAN,D.SEDIN,H.SEDIN,A.EDLER
VAN,A.VOLPATTI,M.LAPIERRE,A.ALBERTS
VAN,A.BURROWS,H.SEDIN,D.SEDIN
VAN,J.HANSEN,D.HAMHUIS,K.BIEKSA
VAN,D.SEDIN,A.EDLER,S.SALO
VAN,D.BOOTH,C.HIGGINS,D.HAMHUIS
VAN,R.KESLER,A.BURROWS,D.SEDIN
VAN,A.BURROWS,R.KESLER,K.BIEKSA
VAN,M.MALHOTRA,J.HANSEN,K.BALLARD
VAN,H.SEDIN,D.HAMHUIS,K.BIEKSA
VAN,A.ALBERTS,R.KESLER,C.HIGGINS
VAN,S.SALO,H.SEDIN,D.SEDIN
VAN,R.KESLER,,
VAN,D.BOOTH,R.KESLER,K.BIEKSA
VAN,M.LAPIERRE,,
VAN,A.BURROWS,C.HODGSON,
VAN,M.MALHOTRA,C.HODGSON,J.HANSEN
VAN,A.BURROWS,D.HAMHUIS,
VAN,R.KESLER,,
VAN,H.SEDIN,D.SEDIN,R.KESLER
VAN,C.HIGGINS,D.HAMHUIS,S.SALO
VAN,J.HANSEN,H.SEDIN,D.SEDIN
VAN,A.ROME,D.BOOTH,C.HODGSON
VAN,H.SEDIN,K.BIEKSA,
VAN,C.HODGSON,A.ROME,C.HIGGINS
VAN,D.BOOTH,A.ROME,M.LAPIERRE
VAN,K.BIEKSA,D.BOOTH,D.HAMHUIS
VAN,J.HANSEN,D.SEDIN,S.SALO
VAN,J.HANSEN,D.SEDIN,K.BIEKSA
VAN,S.SALO,D.SEDIN,R.KESLER
VAN,A.EBBETT,A.EDLER,D.HAMHUIS
VAN,A.ROME,H.SEDIN,D.SEDIN
VAN,D.BOOTH,C.HODGSON,C.HIGGINS
VAN,A.ROME,C.HODGSON,D.BOOTH
VAN,D.SEDIN,H.SEDIN,D.HAMHUIS
VAN,J.HANSEN,D.SEDIN,H.SEDIN
VAN,D.HAMHUIS,H.SEDIN,A.EDLER
VAN,H.SEDIN,A.EDLER,D.SEDIN
VAN,A.BURROWS,,
VAN,R.KESLER,D.HAMHUIS,A.EDLER
VAN,D.HAMHUIS,A.BURROWS,D.SEDIN
VAN,C.HIGGINS,J.HANSEN,M.MALHOTRA
VAN,A.BURROWS,R.KESLER,A.EDLER
VAN,D.SEDIN,H.SEDIN,A.EDLER
VAN,C.HODGSON,M.LAPIERRE,D.WEISE
VAN,A.EDLER,C.HODGSON,D.BOOTH
VAN,M.LAPIERRE,D.WEISE,K.BIEKSA
VAN,C.HIGGINS,D.HAMHUIS,D.BOOTH
VAN,A.EDLER,S.SALO,R.KESLER
VAN,A.EDLER,H.SEDIN,D.SEDIN
VAN,H.SEDIN,R.KESLER,A.EDLER
VAN,C.HIGGINS,J.HANSEN,M.MALHOTRA
VAN,M.LAPIERRE,K.BIEKSA,D.HAMHUIS
VAN,C.HODGSON,A.EDLER,M.MALHOTRA
VAN,A.BURROWS,H.SEDIN,S.SALO
VAN,D.SEDIN,H.SEDIN,A.EDLER
VAN,J.HANSEN,M.MALHOTRA,A.EBBETT
VAN,S.SALO,D.SEDIN,R.KESLER
VAN,D.SEDIN,H.SEDIN,
VAN,H.SEDIN,D.SEDIN,A.EDLER
VAN,D.WEISE,A.EDLER,M.LAPIERRE
VAN,C.HIGGINS,,
VAN,R.KESLER,D.SEDIN,S.SALO
VAN,S.SALO,C.HODGSON,C.HIGGINS
VAN,H.SEDIN,S.SALO,D.SEDIN
VAN,A.BURROWS,D.SEDIN,H.SEDIN
VAN,S.SALO,M.SAMUELSSON,C.HIGGINS
VAN,M.SAMUELSSON,H.SEDIN,D.SEDIN
VAN,H.SEDIN,A.BURROWS,A.EDLER
VAN,C.HIGGINS,A.BURROWS,K.BIEKSA
VAN,D.SEDIN,A.EDLER,M.SAMUELSSON
VAN,C.HIGGINS,M.MALHOTRA,J.HANSEN
VAN,C.HODGSON,D.HAMHUIS,
VAN,A.BURROWS,D.SEDIN,H.SEDIN
VAN,M.LAPIERRE,,
VAN,K.BALLARD,H.SEDIN,D.SEDIN
VAN,D.SEDIN,H.SEDIN,S.SALO
VAN,D.ROY,J.HANSEN,M.RAYMOND
VAN,T.SESTITO,K.BIEKSA,Z.KASSIAN
VAN,J.GARRISON,R.KESLER,H.SEDIN
VAN,J.HANSEN,J.GARRISON,D.HAMHUIS
VAN,Z.KASSIAN,D.SEDIN,H.SEDIN
VAN,D.SEDIN,H.SEDIN,
VAN,A.EDLER,D.HAMHUIS,D.ROY
VAN,D.ROY,R.KESLER,J.HANSEN
VAN,A.EDLER,H.SEDIN,D.SEDIN
VAN,R.KESLER,H.SEDIN,D.SEDIN
VAN,D.ROY,D.HAMHUIS,J.HANSEN
VAN,J.GARRISON,M.RAYMOND,K.BIEKSA
VAN,A.BURROWS,D.SEDIN,H.SEDIN
VAN,R.KESLER,D.ROY,A.EDLER
VAN,M.LAPIERRE,R.KESLER,A.EDLER
VAN,J.HANSEN,D.SEDIN,H.SEDIN
VAN,J.GARRISON,D.HAMHUIS,A.EBBETT
VAN,A.BURROWS,J.GARRISON,H.SEDIN
VAN,M.LAPIERRE,A.EBBETT,
VAN,M.RAYMOND,D.HAMHUIS,R.KESLER
VAN,D.SEDIN,H.SEDIN,R.KESLER
VAN,R.KESLER,M.RAYMOND,K.BIEKSA
VAN,D.HAMHUIS,,
VAN,D.HAMHUIS,A.BURROWS,D.SEDIN
VAN,D.WEISE,J.GARRISON,M.LAPIERRE
VAN,A.BURROWS,D.SEDIN,H.SEDIN
VAN,A.EDLER,D.SEDIN,H.SEDIN
VAN,H.SEDIN,,
VAN,K.BIEKSA,H.SEDIN,J.GARRISON
VAN,H.SEDIN,D.SEDIN,D.HAMHUIS
VAN,C.HIGGINS,D.ROY,J.HANSEN
VAN,Z.KASSIAN,M.LAPIERRE,J.GARRISON
VAN,C.HIGGINS,J.HANSEN,K.BIEKSA
VAN,A.BURROWS,C.HIGGINS,J.HANSEN
VAN,A.BURROWS,H.SEDIN,D.SEDIN
VAN,D.SEDIN,A.BURROWS,D.HAMHUIS
VAN,H.SEDIN,C.SCHNEIDER,
VAN,C.HIGGINS,,
VAN,J.GARRISON,H.SEDIN,
VAN,M.RAYMOND,J.SCHROEDER,C.TANEV
VAN,A.BURROWS,A.EBBETT,K.BALLARD
VAN,M.RAYMOND,J.SCHROEDER,J.HANSEN
VAN,C.TANEV,M.RAYMOND,
VAN,J.SCHROEDER,J.HANSEN,A.EDLER
VAN,J.HANSEN,M.RAYMOND,
VAN,D.SEDIN,H.SEDIN,D.HAMHUIS
VAN,D.WEISE,J.SCHROEDER,D.SEDIN
VAN,H.SEDIN,D.SEDIN,J.GARRISON
VAN,A.BURROWS,D.SEDIN,A.EDLER
VAN,A.BURROWS,A.EDLER,K.BIEKSA
VAN,A.EBBETT,J.HANSEN,
VAN,A.EDLER,C.TANEV,H.SEDIN
VAN,M.RAYMOND,A.EBBETT,J.HANSEN
VAN,M.LAPIERRE,D.WEISE,M.RAYMOND
VAN,J.HANSEN,A.EBBETT,A.EDLER
VAN,H.SEDIN,,
VAN,D.BOOTH,M.LAPIERRE,D.WEISE
VAN,J.GARRISON,J.HANSEN,C.BARKER
VAN,C.HIGGINS,A.ALBERTS,
VAN,H.SEDIN,J.GARRISON,D.BOOTH
VAN,H.SEDIN,D.HAMHUIS,D.SEDIN
VAN,H.SEDIN,D.SEDIN,A.BURROWS
VAN,J.HANSEN,M.RAYMOND,D.HAMHUIS
VAN,C.HIGGINS,J.HANSEN,
VAN,J.HANSEN,C.BARKER,H.SEDIN
VAN,D.HAMHUIS,A.BURROWS,H.SEDIN
VAN,M.RAYMOND,J.HANSEN,D.BOOTH
VAN,D.SEDIN,H.SEDIN,A.BURROWS
VAN,J.HANSEN,M.RAYMOND,D.HAMHUIS
VAN,C.HIGGINS,,
VAN,J.GARRISON,R.KESLER,C.HIGGINS
VAN,H.SEDIN,D.SEDIN,C.TANEV
VAN,D.SEDIN,H.SEDIN,
VAN,D.SEDIN,H.SEDIN,A.BURROWS
VAN,C.HIGGINS,,
VAN,D.WEISE,M.LAPIERRE,D.HAMHUIS
VAN,A.BURROWS,A.EDLER,R.KESLER
VAN,K.BIEKSA,D.HAMHUIS,J.SCHROEDER
VAN,J.GARRISON,R.KESLER,Z.KASSIAN
VAN,H.SEDIN,A.BURROWS,D.SEDIN
VAN,D.SEDIN,D.HAMHUIS,
VAN,A.EDLER,H.SEDIN,D.SEDIN
VAN,K.BIEKSA,D.SEDIN,H.SEDIN
VAN,R.KESLER,D.SEDIN,H.SEDIN
VAN,H.SEDIN,A.BURROWS,A.EDLER
VAN,M.RAYMOND,,
VAN,D.SEDIN,H.SEDIN,
VAN,C.HIGGINS,D.WEISE,R.KESLER
VAN,A.BURROWS,H.SEDIN,D.SEDIN
VAN,K.BIEKSA,Z.KASSIAN,D.HAMHUIS
VAN,J.HANSEN,K.BALLARD,M.RAYMOND
VAN,A.BURROWS,H.SEDIN,D.SEDIN
VAN,J.SCHROEDER,A.EDLER,A.BURROWS
VAN,K.BIEKSA,D.SEDIN,H.SEDIN
VAN,C.HIGGINS,M.LAPIERRE,K.BIEKSA
VAN,J.SCHROEDER,M.RAYMOND,C.TANEV
VAN,D.SEDIN,A.BURROWS,D.HAMHUIS
VAN,C.HIGGINS,M.LAPIERRE,J.GARRISON
VAN,M.RAYMOND,,
VAN,J.HANSEN,M.RAYMOND,A.EDLER
VAN,J.HANSEN,J.SCHROEDER,C.HIGGINS
VAN,K.BIEKSA,M.RAYMOND,J.HANSEN
VAN,C.TANEV,H.SEDIN,D.SEDIN
VAN,A.EDLER,Z.KASSIAN,H.SEDIN
VAN,J.GARRISON,,
VAN,M.LAPIERRE,,
VAN,Z.KASSIAN,D.HAMHUIS,A.EDLER
VAN,Z.KASSIAN,A.EDLER,D.HAMHUIS
VAN,A.BURROWS,C.HIGGINS,C.TANEV
VAN,A.BURROWS,J.HANSEN,
VAN,D.SEDIN,H.SEDIN,A.EDLER
VAN,M.RAYMOND,A.BURROWS,D.HAMHUIS
VAN,A.VOLPATTI,,
VAN,Z.KASSIAN,D.SEDIN,H.SEDIN
VAN,M.RAYMOND,J.SCHROEDER,
VAN,Z.KASSIAN,,
VAN,M.RAYMOND,D.SEDIN,D.HAMHUIS
VAN,A.EDLER,,
VAN,Z.KASSIAN,D.SEDIN,H.SEDIN
VAN,D.HAMHUIS,J.HANSEN,C.HIGGINS
VAN,D.SEDIN,J.HANSEN,A.EDLER
VAN,A.EDLER,H.SEDIN,D.SEDIN
VAN,B.RICHARDSON,Z.KASSIAN,S.MATTHIAS
VAN,S.MATTHIAS,Z.KASSIAN,B.RICHARDSON
VAN,Y.WEBER,Z.KASSIAN,S.MATTHIAS
VAN,D.BOOTH,Z.KASSIAN,
VAN,N.JENSEN,H.SEDIN,D.HAMHUIS
VAN,A.EDLER,K.BIEKSA,H.SEDIN
VAN,A.BURROWS,K.BIEKSA,A.EDLER
VAN,A.BURROWS,N.JENSEN,H.SEDIN
VAN,J.HANSEN,A.BURROWS,
VAN,D.HAMHUIS,A.BURROWS,H.SEDIN
VAN,N.JENSEN,A.BURROWS,H.SEDIN
VAN,A.BURROWS,A.EDLER,K.BIEKSA
VAN,J.SCHROEDER,Z.KASSIAN,
VAN,S.MATTHIAS,C.HIGGINS,C.TANEV
VAN,N.JENSEN,C.HIGGINS,C.TANEV
VAN,A.BURROWS,J.GARRISON,J.SCHROEDER
VAN,A.BURROWS,J.HANSEN,
VAN,C.HIGGINS,Y.WEBER,J.GARRISON
VAN,H.SEDIN,N.JENSEN,T.SESTITO
VAN,R.KESLER,A.BURROWS,K.BIEKSA
VAN,C.TANEV,C.HIGGINS,J.HANSEN
VAN,D.ARCHIBALD,J.SCHROEDER,
VAN,Y.WEBER,D.BOOTH,S.MATTHIAS
VAN,Z.DALPE,A.EDLER,K.BIEKSA
VAN,J.GARRISON,D.HAMHUIS,J.HANSEN
VAN,Z.KASSIAN,,
VAN,R.KESLER,C.HIGGINS,
VAN,J.HANSEN,T.SESTITO,
VAN,R.KESLER,C.HIGGINS,A.EDLER
VAN,C.HIGGINS,J.GARRISON,J.SCHROEDER
VAN,A.EDLER,R.DIAZ,A.BURROWS
VAN,R.DIAZ,Z.KASSIAN,R.STANTON
VAN,A.EDLER,A.BURROWS,R.KESLER
VAN,R.KESLER,,
VAN,J.GARRISON,R.STANTON,R.KESLER
VAN,C.HIGGINS,R.KESLER,A.EDLER
VAN,T.SESTITO,R.STANTON,Z.KASSIAN
VAN,J.SCHROEDER,D.BOOTH,
VAN,J.SCHROEDER,K.BIEKSA,R.STANTON
VAN,K.BIEKSA,C.HIGGINS,Z.DALPE
VAN,J.HANSEN,R.KESLER,
VAN,C.HIGGINS,D.HAMHUIS,
VAN,Z.DALPE,J.GARRISON,Z.KASSIAN
VAN,K.BIEKSA,B.RICHARDSON,C.HIGGINS
VAN,C.HIGGINS,D.WEISE,C.TANEV
VAN,K.LAIN,D.WEISE,T.SESTITO
VAN,Z.KASSIAN,R.KESLER,D.SEDIN
VAN,R.KESLER,Z.KASSIAN,C.HIGGINS
VAN,Y.WEBER,A.EDLER,R.KESLER
VAN,Z.KASSIAN,D.BOOTH,A.EDLER
VAN,Z.DALPE,D.SEDIN,H.SEDIN
VAN,M.SANTORELLI,J.GARRISON,
VAN,J.GARRISON,,
VAN,C.TANEV,D.HAMHUIS,Z.KASSIAN
VAN,C.HIGGINS,J.HANSEN,Y.WEBER
VAN,Z.KASSIAN,C.HIGGINS,K.BIEKSA
VAN,R.KESLER,H.SEDIN,D.SEDIN
VAN,T.SESTITO,H.SEDIN,J.GARRISON
VAN,K.BIEKSA,H.SEDIN,D.SEDIN
VAN,R.KESLER,D.SEDIN,H.SEDIN
VAN,B.RICHARDSON,C.HIGGINS,
VAN,Z.DALPE,D.WEISE,T.SESTITO
VAN,T.SESTITO,D.HAMHUIS,Z.DALPE
VAN,J.HANSEN,D.SEDIN,H.SEDIN
VAN,D.SEDIN,D.HAMHUIS,
VAN,J.HANSEN,H.SEDIN,D.HAMHUIS
VAN,M.SANTORELLI,R.KESLER,
VAN,B.RICHARDSON,D.HAMHUIS,
VAN,C.TANEV,Z.KASSIAN,D.BOOTH
VAN,Z.KASSIAN,J.GARRISON,
VAN,D.SEDIN,K.BIEKSA,H.SEDIN
VAN,C.HIGGINS,M.SANTORELLI,K.BIEKSA
VAN,J.HANSEN,D.SEDIN,H.SEDIN
VAN,D.BOOTH,Y.WEBER,M.SANTORELLI
VAN,J.HANSEN,,
VAN,D.BOOTH,B.RICHARDSON,
VAN,C.HIGGINS,R.KESLER,M.SANTORELLI
VAN,Y.WEBER,H.SEDIN,D.SEDIN
VAN,H.SEDIN,D.SEDIN,K.BIEKSA
VAN,C.TANEV,M.SANTORELLI,B.RICHARDSON
VAN,D.SEDIN,J.GARRISON,R.KESLER
VAN,Z.KASSIAN,D.BOOTH,J.GARRISON
VAN,C.HIGGINS,R.KESLER,M.SANTORELLI
VAN,D.WEISE,Y.WEBER,J.GARRISON
VAN,C.TANEV,D.HAMHUIS,C.HIGGINS
VAN,J.HANSEN,C.HIGGINS,
VAN,M.SANTORELLI,C.HIGGINS,
VAN,R.KESLER,M.SANTORELLI,C.HIGGINS
VAN,M.SANTORELLI,J.GARRISON,
VAN,J.GARRISON,D.HAMHUIS,D.SEDIN
VAN,H.SEDIN,D.SEDIN,R.STANTON
VAN,C.HIGGINS,,
VAN,B.RICHARDSON,D.WEISE,J.HANSEN
VAN,R.KESLER,J.GARRISON,M.SANTORELLI
VAN,R.KESLER,J.GARRISON,D.SEDIN
VAN,R.KESLER,J.GARRISON,H.SEDIN
VAN,T.SESTITO,J.GARRISON,Z.DALPE
VAN,R.KESLER,J.HANSEN,C.HIGGINS
VAN,D.BOOTH,M.SANTORELLI,D.WEISE
VAN,D.SEDIN,R.KESLER,A.EDLER
VAN,D.SEDIN,H.SEDIN,C.TANEV
VAN,D.BOOTH,M.SANTORELLI,
VAN,J.GARRISON,H.SEDIN,D.SEDIN
VAN,D.WEISE,J.GARRISON,D.BOOTH
VAN,M.SANTORELLI,,
VAN,C.TANEV,C.HIGGINS,D.WEISE
VAN,H.SEDIN,D.SEDIN,J.GARRISON
VAN,R.KESLER,J.GARRISON,D.SEDIN
VAN,D.SEDIN,A.EDLER,
VAN,Z.KASSIAN,B.RICHARDSON,R.STANTON
VAN,H.SEDIN,D.SEDIN,R.KESLER
VAN,A.EDLER,C.HIGGINS,M.SANTORELLI
VAN,H.SEDIN,D.SEDIN,R.STANTON
VAN,J.WELSH,R.STANTON,D.WEISE
VAN,C.HIGGINS,M.SANTORELLI,D.HAMHUIS
VAN,J.HANSEN,,
VAN,H.SEDIN,R.KESLER,K.BIEKSA
VAN,K.BIEKSA,H.SEDIN,A.BURROWS
VAN,T.SESTITO,B.RICHARDSON,Z.KASSIAN
VAN,D.HAMHUIS,K.BIEKSA,R.KESLER
VAN,B.RICHARDSON,D.ARCHIBALD,K.BIEKSA
VAN,M.SANTORELLI,C.HIGGINS,A.BURROWS
VAN,C.HIGGINS,A.BURROWS,
VAN,Z.KASSIAN,K.BIEKSA,R.STANTON
VAN,D.HAMHUIS,M.SANTORELLI,
VAN,R.KESLER,H.SEDIN,D.SEDIN
VAN,D.SEDIN,H.SEDIN,R.KESLER
VAN,Z.KASSIAN,B.RICHARDSON,A.EDLER
VAN,C.HIGGINS,C.TANEV,M.SANTORELLI
VAN,D.HAMHUIS,B.RICHARDSON,D.ARCHIBALD
VAN,D.SEDIN,H.SEDIN,R.STANTON
VAN,Z.KASSIAN,C.HIGGINS,K.BIEKSA
VAN,R.KESLER,D.SEDIN,R.STANTON
VAN,D.SEDIN,H.SEDIN,C.TANEV
VAN,C.HIGGINS,B.RICHARDSON,M.SANTORELLI
VAN,R.KESLER,M.SANTORELLI,
VAN,R.KESLER,D.SEDIN,H.SEDIN
VAN,R.KESLER,H.SEDIN,
VAN,D.SEDIN,H.SEDIN,R.KESLER
VAN,R.KESLER,D.HAMHUIS,C.TANEV
VAN,D.SEDIN,J.HANSEN,C.TANEV
VAN,H.SEDIN,D.SEDIN,D.WEISE
VAN,C.HIGGINS,K.BIEKSA,R.KESLER
VAN,B.RICHARDSON,M.SANTORELLI,A.EDLER
VAN,H.SEDIN,J.GARRISON,R.KESLER
VAN,A.EDLER,K.BIEKSA,H.SEDIN
VAN,B.RICHARDSON,D.WEISE,K.BIEKSA
VAN,Z.KASSIAN,D.BOOTH,K.BIEKSA
VAN,C.HIGGINS,M.SANTORELLI,
VAN,B.RICHARDSON,J.GARRISON,M.SANTORELLI
VAN,R.STANTON,D.SEDIN,H.SEDIN
VAN,R.KESLER,J.HANSEN,C.TANEV
VAN,C.HIGGINS,H.SEDIN,J.GARRISON
VAN,R.KESLER,C.HIGGINS,H.SEDIN
VAN,H.SEDIN,D.SEDIN,J.GARRISON
VAN,M.SANTORELLI,R.STANTON,C.TANEV
VAN,D.SEDIN,C.TANEV,R.STANTON
VAN,A.EDLER,D.SEDIN,H.SEDIN
VAN,M.SANTORELLI,J.GARRISON,D.BOOTH
VAN,D.BOOTH,J.GARRISON,A.EDLER
VAN,J.HANSEN,D.SEDIN,
VAN,M.SANTORELLI,H.SEDIN,C.HIGGINS
VAN,D.WEISE,B.RICHARDSON,D.HAMHUIS
VAN,M.SANTORELLI,K.BIEKSA,R.STANTON
VAN,B.RICHARDSON,J.GARRISON,
VAN,D.HAMHUIS,H.SEDIN,
VAN,J.HANSEN,D.SEDIN,H.SEDIN
VAN,D.SEDIN,H.SEDIN,A.EDLER
VAN,R.KESLER,,
VAN,J.GARRISON,,
VAN,J.GARRISON,D.SEDIN,H.SEDIN
